,Enemy1,Enemy4,Enemy5
0,100.0,61.60000000000034,98.20000000000002
1,100.0,56.80000000000032,93.40000000000006
2,100.0,68.2000000000003,95.80000000000004
3,100.0,50.80000000000031,92.80000000000008
4,100.0,53.80000000000032,98.8
5,100.0,-20.0,93.40000000000006
6,100.0,78.4000000000002,96.40000000000003
7,100.0,62.80000000000034,91.60000000000008
8,100.0,38.80000000000028,95.20000000000005
